{
  "name": "entrance",
  "version": "0.0.0",
  "lockfileVersion": 1,
  "requires": true,
  "dependencies": {
    "accepts": {
      "version": "1.3.5",
      "resolved": "http://registry.npm.taobao.org/accepts/download/accepts-1.3.5.tgz",
      "integrity": "sha1-63d99gEXI6OxTopywIBcjoZ0a9I=",
      "requires": {
        "mime-types": "2.1.18",
        "negotiator": "0.6.1"
      }
    },
    "acorn": {
      "version": "2.7.0",
      "resolved": "http://registry.npm.taobao.org/acorn/download/acorn-2.7.0.tgz",
      "integrity": "sha1-q259nYhqrKiwhbwzEreaGYQz8Oc="
    },
    "acorn-globals": {
      "version": "1.0.9",
      "resolved": "http://registry.npm.taobao.org/acorn-globals/download/acorn-globals-1.0.9.tgz",
      "integrity": "sha1-VbtemGkVB7dFedBRNBMhfDgMVM8=",
      "requires": {
        "acorn": "2.7.0"
      }
    },
    "align-text": {
      "version": "0.1.4",
      "resolved": "http://registry.npm.taobao.org/align-text/download/align-text-0.1.4.tgz",
      "integrity": "sha1-DNkKVhCT810KmSVsIrcGlDP60Rc=",
      "requires": {
        "kind-of": "3.2.2",
        "longest": "1.0.1",
        "repeat-string": "1.6.1"
      }
    },
    "amdefine": {
      "version": "1.0.1",
      "resolved": "http://registry.npm.taobao.org/amdefine/download/amdefine-1.0.1.tgz",
      "integrity": "sha1-SlKCrBZHKek2Gbz9OtFR+BfOkfU="
    },
    "array-flatten": {
      "version": "1.1.1",
      "resolved": "http://registry.npm.taobao.org/array-flatten/download/array-flatten-1.1.1.tgz",
      "integrity": "sha1-ml9pkFGx5wczKPKgCJaLZOopVdI="
    },
    "asap": {
      "version": "1.0.0",
      "resolved": "http://registry.npm.taobao.org/asap/download/asap-1.0.0.tgz",
      "integrity": "sha1-sqRdpf36ILBJb8N2jMJ8EvqRan0="
    },
    "bignumber.js": {
      "version": "4.0.4",
      "resolved": "http://registry.npm.taobao.org/bignumber.js/download/bignumber.js-4.0.4.tgz",
      "integrity": "sha1-fED1q80tZiOre5loLufbgbEYiaQ="
    },
    "body-parser": {
      "version": "1.18.2",
      "resolved": "http://registry.npm.taobao.org/body-parser/download/body-parser-1.18.2.tgz",
      "integrity": "sha1-h2eKGdhLR9hZuDGZvVm84iKxBFQ=",
      "requires": {
        "bytes": "3.0.0",
        "content-type": "1.0.4",
        "debug": "2.6.9",
        "depd": "1.1.2",
        "http-errors": "1.6.2",
        "iconv-lite": "0.4.19",
        "on-finished": "2.3.0",
        "qs": "6.5.1",
        "raw-body": "2.3.2",
        "type-is": "1.6.16"
      }
    },
    "bytes": {
      "version": "3.0.0",
      "resolved": "http://registry.npm.taobao.org/bytes/download/bytes-3.0.0.tgz",
      "integrity": "sha1-0ygVQE1olpn4Wk6k+odV3ROpYEg="
    },
    "camelcase": {
      "version": "1.2.1",
      "resolved": "http://registry.npm.taobao.org/camelcase/download/camelcase-1.2.1.tgz",
      "integrity": "sha1-m7UwTS4LVmmLLHWLCKPqqdqlijk="
    },
    "center-align": {
      "version": "0.1.3",
      "resolved": "http://registry.npm.taobao.org/center-align/download/center-align-0.1.3.tgz",
      "integrity": "sha1-qg0yYptu6XIgBBHL1EYckHvCt60=",
      "requires": {
        "align-text": "0.1.4",
        "lazy-cache": "1.0.4"
      }
    },
    "character-parser": {
      "version": "1.2.1",
      "resolved": "http://registry.npm.taobao.org/character-parser/download/character-parser-1.2.1.tgz",
      "integrity": "sha1-wN3kqxgnE7kZuXCVmhI+zBow/NY="
    },
    "clean-css": {
      "version": "3.4.28",
      "resolved": "http://registry.npm.taobao.org/clean-css/download/clean-css-3.4.28.tgz",
      "integrity": "sha1-vxlF6C/ICPVWlebd6uwBQA79A/8=",
      "requires": {
        "commander": "2.8.1",
        "source-map": "0.4.4"
      },
      "dependencies": {
        "commander": {
          "version": "2.8.1",
          "resolved": "http://registry.npm.taobao.org/commander/download/commander-2.8.1.tgz",
          "integrity": "sha1-Br42f+v9oMMwqh4qBy09yXYkJdQ=",
          "requires": {
            "graceful-readlink": "1.0.1"
          }
        }
      }
    },
    "cliui": {
      "version": "2.1.0",
      "resolved": "http://registry.npm.taobao.org/cliui/download/cliui-2.1.0.tgz",
      "integrity": "sha1-S0dXYP+AJkx2LDoXGQMukcf+oNE=",
      "requires": {
        "center-align": "0.1.3",
        "right-align": "0.1.3",
        "wordwrap": "0.0.2"
      },
      "dependencies": {
        "wordwrap": {
          "version": "0.0.2",
          "resolved": "http://registry.npm.taobao.org/wordwrap/download/wordwrap-0.0.2.tgz",
          "integrity": "sha1-t5Zpu0LstAn4PVg8rVLKF+qhZD8="
        }
      }
    },
    "commander": {
      "version": "2.6.0",
      "resolved": "http://registry.npm.taobao.org/commander/download/commander-2.6.0.tgz",
      "integrity": "sha1-nfflL7Kgyw+4kFjugMMQQiXzfh0="
    },
    "constantinople": {
      "version": "3.0.2",
      "resolved": "http://registry.npm.taobao.org/constantinople/download/constantinople-3.0.2.tgz",
      "integrity": "sha1-S5RdmTeQe82Y7ldRIsOBdRZUQUE=",
      "requires": {
        "acorn": "2.7.0"
      }
    },
    "content-disposition": {
      "version": "0.5.2",
      "resolved": "http://registry.npm.taobao.org/content-disposition/download/content-disposition-0.5.2.tgz",
      "integrity": "sha1-DPaLud318r55YcOoUXjLhdunjLQ="
    },
    "content-type": {
      "version": "1.0.4",
      "resolved": "http://registry.npm.taobao.org/content-type/download/content-type-1.0.4.tgz",
      "integrity": "sha1-4TjMdeBAxyexlm/l5fjJruJW/js="
    },
    "cookie": {
      "version": "0.3.1",
      "resolved": "http://registry.npm.taobao.org/cookie/download/cookie-0.3.1.tgz",
      "integrity": "sha1-5+Ch+e9DtMi6klxcWpboBtFoc7s="
    },
    "cookie-signature": {
      "version": "1.0.6",
      "resolved": "http://registry.npm.taobao.org/cookie-signature/download/cookie-signature-1.0.6.tgz",
      "integrity": "sha1-4wOogrNCzD7oylE6eZmXNNqzriw="
    },
    "core-util-is": {
      "version": "1.0.2",
      "resolved": "http://registry.npm.taobao.org/core-util-is/download/core-util-is-1.0.2.tgz",
      "integrity": "sha1-tf1UIgqivFq1eqtxQMlAdUUDwac="
    },
    "css": {
      "version": "1.0.8",
      "resolved": "http://registry.npm.taobao.org/css/download/css-1.0.8.tgz",
      "integrity": "sha1-k4aBHKgrzMnuf7WnMrHioxfIo+c=",
      "requires": {
        "css-parse": "1.0.4",
        "css-stringify": "1.0.5"
      }
    },
    "css-parse": {
      "version": "1.0.4",
      "resolved": "http://registry.npm.taobao.org/css-parse/download/css-parse-1.0.4.tgz",
      "integrity": "sha1-OLBQP7+dqfVOnB29pg4UXHcRe90="
    },
    "css-stringify": {
      "version": "1.0.5",
      "resolved": "http://registry.npm.taobao.org/css-stringify/download/css-stringify-1.0.5.tgz",
      "integrity": "sha1-sNBClG2ylTu50pKQCmy19tASIDE="
    },
    "debug": {
      "version": "2.6.9",
      "resolved": "http://registry.npm.taobao.org/debug/download/debug-2.6.9.tgz",
      "integrity": "sha1-XRKFFd8TT/Mn6QpMk/Tgd6U2NB8=",
      "requires": {
        "ms": "2.0.0"
      }
    },
    "decamelize": {
      "version": "1.2.0",
      "resolved": "http://registry.npm.taobao.org/decamelize/download/decamelize-1.2.0.tgz",
      "integrity": "sha1-9lNNFRSCabIDUue+4m9QH5oZEpA="
    },
    "depd": {
      "version": "1.1.2",
      "resolved": "http://registry.npm.taobao.org/depd/download/depd-1.1.2.tgz",
      "integrity": "sha1-m81S4UwJd2PnSbJ0xDRu0uVgtak="
    },
    "destroy": {
      "version": "1.0.4",
      "resolved": "http://registry.npm.taobao.org/destroy/download/destroy-1.0.4.tgz",
      "integrity": "sha1-l4hXRCxEdJ5CBmE+N5RiBYJqvYA="
    },
    "ee-first": {
      "version": "1.1.1",
      "resolved": "http://registry.npm.taobao.org/ee-first/download/ee-first-1.1.1.tgz",
      "integrity": "sha1-WQxhFWsK4vTwJVcyoViyZrxWsh0="
    },
    "encodeurl": {
      "version": "1.0.2",
      "resolved": "http://registry.npm.taobao.org/encodeurl/download/encodeurl-1.0.2.tgz",
      "integrity": "sha1-rT/0yG7C0CkyL1oCw6mmBslbP1k="
    },
    "escape-html": {
      "version": "1.0.3",
      "resolved": "http://registry.npm.taobao.org/escape-html/download/escape-html-1.0.3.tgz",
      "integrity": "sha1-Aljq5NPQwJdN4cFpGI7wBR0dGYg="
    },
    "etag": {
      "version": "1.8.1",
      "resolved": "http://registry.npm.taobao.org/etag/download/etag-1.8.1.tgz",
      "integrity": "sha1-Qa4u62XvpiJorr/qg6x9eSmbCIc="
    },
    "express": {
      "version": "4.16.2",
      "resolved": "http://registry.npm.taobao.org/express/download/express-4.16.2.tgz",
      "integrity": "sha1-41xt/i1kt9ygpc1PIXgb4ymeB2w=",
      "requires": {
        "accepts": "1.3.5",
        "array-flatten": "1.1.1",
        "body-parser": "1.18.2",
        "content-disposition": "0.5.2",
        "content-type": "1.0.4",
        "cookie": "0.3.1",
        "cookie-signature": "1.0.6",
        "debug": "2.6.9",
        "depd": "1.1.2",
        "encodeurl": "1.0.2",
        "escape-html": "1.0.3",
        "etag": "1.8.1",
        "finalhandler": "1.1.0",
        "fresh": "0.5.2",
        "merge-descriptors": "1.0.1",
        "methods": "1.1.2",
        "on-finished": "2.3.0",
        "parseurl": "1.3.2",
        "path-to-regexp": "0.1.7",
        "proxy-addr": "2.0.3",
        "qs": "6.5.1",
        "range-parser": "1.2.0",
        "safe-buffer": "5.1.1",
        "send": "0.16.1",
        "serve-static": "1.13.1",
        "setprototypeof": "1.1.0",
        "statuses": "1.3.1",
        "type-is": "1.6.16",
        "utils-merge": "1.0.1",
        "vary": "1.1.2"
      }
    },
    "finalhandler": {
      "version": "1.1.0",
      "resolved": "http://registry.npm.taobao.org/finalhandler/download/finalhandler-1.1.0.tgz",
      "integrity": "sha1-zgtoVbRYU+eRsvzGgARtiCU91/U=",
      "requires": {
        "debug": "2.6.9",
        "encodeurl": "1.0.2",
        "escape-html": "1.0.3",
        "on-finished": "2.3.0",
        "parseurl": "1.3.2",
        "statuses": "1.3.1",
        "unpipe": "1.0.0"
      }
    },
    "forwarded": {
      "version": "0.1.2",
      "resolved": "http://registry.npm.taobao.org/forwarded/download/forwarded-0.1.2.tgz",
      "integrity": "sha1-mMI9qxF1ZXuMBXPozszZGw/xjIQ="
    },
    "fresh": {
      "version": "0.5.2",
      "resolved": "http://registry.npm.taobao.org/fresh/download/fresh-0.5.2.tgz",
      "integrity": "sha1-PYyt2Q2XZWn6g1qx+OSyOhBWBac="
    },
    "graceful-readlink": {
      "version": "1.0.1",
      "resolved": "http://registry.npm.taobao.org/graceful-readlink/download/graceful-readlink-1.0.1.tgz",
      "integrity": "sha1-TK+tdrxi8C+gObL5Tpo906ORpyU="
    },
    "http-errors": {
      "version": "1.6.2",
      "resolved": "http://registry.npm.taobao.org/http-errors/download/http-errors-1.6.2.tgz",
      "integrity": "sha1-CgAsyFcHGSp+eUbO7cERVfYOxzY=",
      "requires": {
        "depd": "1.1.1",
        "inherits": "2.0.3",
        "setprototypeof": "1.0.3",
        "statuses": "1.3.1"
      },
      "dependencies": {
        "depd": {
          "version": "1.1.1",
          "resolved": "http://registry.npm.taobao.org/depd/download/depd-1.1.1.tgz",
          "integrity": "sha1-V4O04cRZ8G+lyif5kfPQbnoxA1k="
        },
        "setprototypeof": {
          "version": "1.0.3",
          "resolved": "http://registry.npm.taobao.org/setprototypeof/download/setprototypeof-1.0.3.tgz",
          "integrity": "sha1-ZlZ+NwQ+608E2RvWWMDL77VbjgQ="
        }
      }
    },
    "iconv-lite": {
      "version": "0.4.19",
      "resolved": "http://registry.npm.taobao.org/iconv-lite/download/iconv-lite-0.4.19.tgz",
      "integrity": "sha1-90aPYBNfXl2tM5nAqBvpoWA6CCs="
    },
    "inherits": {
      "version": "2.0.3",
      "resolved": "http://registry.npm.taobao.org/inherits/download/inherits-2.0.3.tgz",
      "integrity": "sha1-Yzwsg+PaQqUC9SRmAiSA9CCCYd4="
    },
    "ipaddr.js": {
      "version": "1.6.0",
      "resolved": "http://registry.npm.taobao.org/ipaddr.js/download/ipaddr.js-1.6.0.tgz",
      "integrity": "sha1-4/o1e3c9phnybpXwSdBVxyeW+Gs="
    },
    "is-buffer": {
      "version": "1.1.6",
      "resolved": "http://registry.npm.taobao.org/is-buffer/download/is-buffer-1.1.6.tgz",
      "integrity": "sha1-76ouqdqg16suoTqXsritUf776L4="
    },
    "is-promise": {
      "version": "2.1.0",
      "resolved": "http://registry.npm.taobao.org/is-promise/download/is-promise-2.1.0.tgz",
      "integrity": "sha1-eaKp7OfwlugPNtKy87wWwf9L8/o="
    },
    "isarray": {
      "version": "1.0.0",
      "resolved": "http://registry.npm.taobao.org/isarray/download/isarray-1.0.0.tgz",
      "integrity": "sha1-u5NdSFgsuhaMBoNJV6VKPgcSTxE="
    },
    "jade": {
      "version": "1.11.0",
      "resolved": "http://registry.npm.taobao.org/jade/download/jade-1.11.0.tgz",
      "integrity": "sha1-nIDlOMEtP7lcjZu5VZ+gzAQEBf0=",
      "requires": {
        "character-parser": "1.2.1",
        "clean-css": "3.4.28",
        "commander": "2.6.0",
        "constantinople": "3.0.2",
        "jstransformer": "0.0.2",
        "mkdirp": "0.5.1",
        "transformers": "2.1.0",
        "uglify-js": "2.8.29",
        "void-elements": "2.0.1",
        "with": "4.0.3"
      }
    },
    "jstransformer": {
      "version": "0.0.2",
      "resolved": "http://registry.npm.taobao.org/jstransformer/download/jstransformer-0.0.2.tgz",
      "integrity": "sha1-eq4pqQPRls+glz2IXT5HlH7Ndqs=",
      "requires": {
        "is-promise": "2.1.0",
        "promise": "6.1.0"
      }
    },
    "kind-of": {
      "version": "3.2.2",
      "resolved": "http://registry.npm.taobao.org/kind-of/download/kind-of-3.2.2.tgz",
      "integrity": "sha1-MeohpzS6ubuw8yRm2JOupR5KPGQ=",
      "requires": {
        "is-buffer": "1.1.6"
      }
    },
    "lazy-cache": {
      "version": "1.0.4",
      "resolved": "http://registry.npm.taobao.org/lazy-cache/download/lazy-cache-1.0.4.tgz",
      "integrity": "sha1-odePw6UEdMuAhF07O24dpJpEbo4="
    },
    "longest": {
      "version": "1.0.1",
      "resolved": "http://registry.npm.taobao.org/longest/download/longest-1.0.1.tgz",
      "integrity": "sha1-MKCy2jj3N3DoKUoNIuZiXtd9AJc="
    },
    "media-typer": {
      "version": "0.3.0",
      "resolved": "http://registry.npm.taobao.org/media-typer/download/media-typer-0.3.0.tgz",
      "integrity": "sha1-hxDXrwqmJvj/+hzgAWhUUmMlV0g="
    },
    "merge-descriptors": {
      "version": "1.0.1",
      "resolved": "http://registry.npm.taobao.org/merge-descriptors/download/merge-descriptors-1.0.1.tgz",
      "integrity": "sha1-sAqqVW3YtEVoFQ7J0blT8/kMu2E="
    },
    "methods": {
      "version": "1.1.2",
      "resolved": "http://registry.npm.taobao.org/methods/download/methods-1.1.2.tgz",
      "integrity": "sha1-VSmk1nZUE07cxSZmVoNbD4Ua/O4="
    },
    "mime": {
      "version": "1.4.1",
      "resolved": "http://registry.npm.taobao.org/mime/download/mime-1.4.1.tgz",
      "integrity": "sha1-Eh+evEnjdm8xGnbh+hyAA8SwOqY="
    },
    "mime-db": {
      "version": "1.33.0",
      "resolved": "http://registry.npm.taobao.org/mime-db/download/mime-db-1.33.0.tgz",
      "integrity": "sha1-o0kgUKXLm2NFBUHjnZeI0icng9s="
    },
    "mime-types": {
      "version": "2.1.18",
      "resolved": "http://registry.npm.taobao.org/mime-types/download/mime-types-2.1.18.tgz",
      "integrity": "sha1-bzI/YKg9ERRvgx/xH9ZuL+VQO7g=",
      "requires": {
        "mime-db": "1.33.0"
      }
    },
    "minimist": {
      "version": "0.0.8",
      "resolved": "http://registry.npm.taobao.org/minimist/download/minimist-0.0.8.tgz",
      "integrity": "sha1-hX/Kv8M5fSYluCKCYuhqp6ARsF0="
    },
    "mkdirp": {
      "version": "0.5.1",
      "resolved": "http://registry.npm.taobao.org/mkdirp/download/mkdirp-0.5.1.tgz",
      "integrity": "sha1-MAV0OOrGz3+MR2fzhkjWaX11yQM=",
      "requires": {
        "minimist": "0.0.8"
      }
    },
    "ms": {
      "version": "2.0.0",
      "resolved": "http://registry.npm.taobao.org/ms/download/ms-2.0.0.tgz",
      "integrity": "sha1-VgiurfwAvmwpAd9fmGF4jeDVl8g="
    },
    "mysql": {
      "version": "2.15.0",
      "resolved": "http://registry.npm.taobao.org/mysql/download/mysql-2.15.0.tgz",
      "integrity": "sha1-6haEEVY0Po8uR/yJhexBzdlXO1w=",
      "requires": {
        "bignumber.js": "4.0.4",
        "readable-stream": "2.3.3",
        "safe-buffer": "5.1.1",
        "sqlstring": "2.3.0"
      }
    },
    "negotiator": {
      "version": "0.6.1",
      "resolved": "http://registry.npm.taobao.org/negotiator/download/negotiator-0.6.1.tgz",
      "integrity": "sha1-KzJxhOiZIQEXeyhWP7XnECrNDKk="
    },
    "on-finished": {
      "version": "2.3.0",
      "resolved": "http://registry.npm.taobao.org/on-finished/download/on-finished-2.3.0.tgz",
      "integrity": "sha1-IPEzZIGwg811M3mSoWlxqi2QaUc=",
      "requires": {
        "ee-first": "1.1.1"
      }
    },
    "optimist": {
      "version": "0.3.7",
      "resolved": "http://registry.npm.taobao.org/optimist/download/optimist-0.3.7.tgz",
      "integrity": "sha1-yQlBrVnkJzMokjB00s8ufLxuwNk=",
      "requires": {
        "wordwrap": "0.0.3"
      }
    },
    "parseurl": {
      "version": "1.3.2",
      "resolved": "http://registry.npm.taobao.org/parseurl/download/parseurl-1.3.2.tgz",
      "integrity": "sha1-/CidTtiZMRlGDBViUyYs3I3mW/M="
    },
    "path-to-regexp": {
      "version": "0.1.7",
      "resolved": "http://registry.npm.taobao.org/path-to-regexp/download/path-to-regexp-0.1.7.tgz",
      "integrity": "sha1-32BBeABfUi8V60SQ5yR6G/qmf4w="
    },
    "process-nextick-args": {
      "version": "1.0.7",
      "resolved": "http://registry.npm.taobao.org/process-nextick-args/download/process-nextick-args-1.0.7.tgz",
      "integrity": "sha1-FQ4gt1ZZCtP5EJPyWk8q2L/zC6M="
    },
    "promise": {
      "version": "6.1.0",
      "resolved": "http://registry.npm.taobao.org/promise/download/promise-6.1.0.tgz",
      "integrity": "sha1-LOcp9rlLRcJoka0GAsXJDgTG7vY=",
      "requires": {
        "asap": "1.0.0"
      }
    },
    "proxy-addr": {
      "version": "2.0.3",
      "resolved": "http://registry.npm.taobao.org/proxy-addr/download/proxy-addr-2.0.3.tgz",
      "integrity": "sha1-NV8mJQWmIWRrMTCnKOtkfiIFU0E=",
      "requires": {
        "forwarded": "0.1.2",
        "ipaddr.js": "1.6.0"
      }
    },
    "qs": {
      "version": "6.5.1",
      "resolved": "http://registry.npm.taobao.org/qs/download/qs-6.5.1.tgz",
      "integrity": "sha1-NJzfbu+J7EXBLX1es/wMhwNDptg="
    },
    "range-parser": {
      "version": "1.2.0",
      "resolved": "http://registry.npm.taobao.org/range-parser/download/range-parser-1.2.0.tgz",
      "integrity": "sha1-9JvmtIeJTdxA3MlKMi9hEJLgDV4="
    },
    "raw-body": {
      "version": "2.3.2",
      "resolved": "http://registry.npm.taobao.org/raw-body/download/raw-body-2.3.2.tgz",
      "integrity": "sha1-vNYMd9Prk83gBQKVw/N5OJvIj4k=",
      "requires": {
        "bytes": "3.0.0",
        "http-errors": "1.6.2",
        "iconv-lite": "0.4.19",
        "unpipe": "1.0.0"
      }
    },
    "readable-stream": {
      "version": "2.3.3",
      "resolved": "http://registry.npm.taobao.org/readable-stream/download/readable-stream-2.3.3.tgz",
      "integrity": "sha1-No8lEtefnUb9/HE0mueHi7weuVw=",
      "requires": {
        "core-util-is": "1.0.2",
        "inherits": "2.0.3",
        "isarray": "1.0.0",
        "process-nextick-args": "1.0.7",
        "safe-buffer": "5.1.1",
        "string_decoder": "1.0.3",
        "util-deprecate": "1.0.2"
      }
    },
    "repeat-string": {
      "version": "1.6.1",
      "resolved": "http://registry.npm.taobao.org/repeat-string/download/repeat-string-1.6.1.tgz",
      "integrity": "sha1-jcrkcOHIirwtYA//Sndihtp15jc="
    },
    "right-align": {
      "version": "0.1.3",
      "resolved": "http://registry.npm.taobao.org/right-align/download/right-align-0.1.3.tgz",
      "integrity": "sha1-YTObci/mo1FWiSENJOFMlhSGE+8=",
      "requires": {
        "align-text": "0.1.4"
      }
    },
    "safe-buffer": {
      "version": "5.1.1",
      "resolved": "http://registry.npm.taobao.org/safe-buffer/download/safe-buffer-5.1.1.tgz",
      "integrity": "sha1-iTMSr2myEj3vcfV4iQAWce6yyFM="
    },
    "send": {
      "version": "0.16.1",
      "resolved": "http://registry.npm.taobao.org/send/download/send-0.16.1.tgz",
      "integrity": "sha1-pw4coh0TgsEdDZ9iMd6ygQgNerM=",
      "requires": {
        "debug": "2.6.9",
        "depd": "1.1.2",
        "destroy": "1.0.4",
        "encodeurl": "1.0.2",
        "escape-html": "1.0.3",
        "etag": "1.8.1",
        "fresh": "0.5.2",
        "http-errors": "1.6.2",
        "mime": "1.4.1",
        "ms": "2.0.0",
        "on-finished": "2.3.0",
        "range-parser": "1.2.0",
        "statuses": "1.3.1"
      }
    },
    "serve-static": {
      "version": "1.13.1",
      "resolved": "http://registry.npm.taobao.org/serve-static/download/serve-static-1.13.1.tgz",
      "integrity": "sha1-TFfVNASnYdjy58HooYpH2/J4pxk=",
      "requires": {
        "encodeurl": "1.0.2",
        "escape-html": "1.0.3",
        "parseurl": "1.3.2",
        "send": "0.16.1"
      }
    },
    "setprototypeof": {
      "version": "1.1.0",
      "resolved": "http://registry.npm.taobao.org/setprototypeof/download/setprototypeof-1.1.0.tgz",
      "integrity": "sha1-0L2FU2iHtv58DYGMuWLZ2RxU5lY="
    },
    "source-map": {
      "version": "0.4.4",
      "resolved": "http://registry.npm.taobao.org/source-map/download/source-map-0.4.4.tgz",
      "integrity": "sha1-66T12pwNyZneaAMti092FzZSA2s=",
      "requires": {
        "amdefine": "1.0.1"
      }
    },
    "sqlstring": {
      "version": "2.3.0",
      "resolved": "http://registry.npm.taobao.org/sqlstring/download/sqlstring-2.3.0.tgz",
      "integrity": "sha1-UluKT9Jtb3GqYegipsr5dtMa0qg="
    },
    "statuses": {
      "version": "1.3.1",
      "resolved": "http://registry.npm.taobao.org/statuses/download/statuses-1.3.1.tgz",
      "integrity": "sha1-+vUbnrdKrvOzrPStX2Gr8ky3uT4="
    },
    "string_decoder": {
      "version": "1.0.3",
      "resolved": "http://registry.npm.taobao.org/string_decoder/download/string_decoder-1.0.3.tgz",
      "integrity": "sha1-D8Z9fBQYJd6UKC3VNr7GubzoYKs=",
      "requires": {
        "safe-buffer": "5.1.1"
      }
    },
    "transformers": {
      "version": "2.1.0",
      "resolved": "http://registry.npm.taobao.org/transformers/download/transformers-2.1.0.tgz",
      "integrity": "sha1-XSPLNVYd2F3Gf7hIIwm0fVPM6ac=",
      "requires": {
        "css": "1.0.8",
        "promise": "2.0.0",
        "uglify-js": "2.2.5"
      },
      "dependencies": {
        "is-promise": {
          "version": "1.0.1",
          "resolved": "http://registry.npm.taobao.org/is-promise/download/is-promise-1.0.1.tgz",
          "integrity": "sha1-MVc3YcBX4zwukaq56W2gjO++duU="
        },
        "promise": {
          "version": "2.0.0",
          "resolved": "http://registry.npm.taobao.org/promise/download/promise-2.0.0.tgz",
          "integrity": "sha1-RmSKqdYFr10ucMMCS/WUNtoCuA4=",
          "requires": {
            "is-promise": "1.0.1"
          }
        },
        "source-map": {
          "version": "0.1.43",
          "resolved": "http://registry.npm.taobao.org/source-map/download/source-map-0.1.43.tgz",
          "integrity": "sha1-wkvBRspRfBRx9drL4lcbK3+eM0Y=",
          "requires": {
            "amdefine": "1.0.1"
          }
        },
        "uglify-js": {
          "version": "2.2.5",
          "resolved": "http://registry.npm.taobao.org/uglify-js/download/uglify-js-2.2.5.tgz",
          "integrity": "sha1-puAqcNg5eSuXgEiLe4sYTAlcmcc=",
          "requires": {
            "optimist": "0.3.7",
            "source-map": "0.1.43"
          }
        }
      }
    },
    "type-is": {
      "version": "1.6.16",
      "resolved": "http://registry.npm.taobao.org/type-is/download/type-is-1.6.16.tgz",
      "integrity": "sha1-+JzjQVQcZysl7nrjxz3uOyvlAZQ=",
      "requires": {
        "media-typer": "0.3.0",
        "mime-types": "2.1.18"
      }
    },
    "uglify-js": {
      "version": "2.8.29",
      "resolved": "http://registry.npm.taobao.org/uglify-js/download/uglify-js-2.8.29.tgz",
      "integrity": "sha1-KcVzMUgFe7Th913zW3qcty5qWd0=",
      "requires": {
        "source-map": "0.5.7",
        "uglify-to-browserify": "1.0.2",
        "yargs": "3.10.0"
      },
      "dependencies": {
        "source-map": {
          "version": "0.5.7",
          "resolved": "http://registry.npm.taobao.org/source-map/download/source-map-0.5.7.tgz",
          "integrity": "sha1-igOdLRAh0i0eoUyA2OpGi6LvP8w="
        }
      }
    },
    "uglify-to-browserify": {
      "version": "1.0.2",
      "resolved": "http://registry.npm.taobao.org/uglify-to-browserify/download/uglify-to-browserify-1.0.2.tgz",
      "integrity": "sha1-bgkk1r2mta/jSeOabWMoUKD4grc=",
      "optional": true
    },
    "unpipe": {
      "version": "1.0.0",
      "resolved": "http://registry.npm.taobao.org/unpipe/download/unpipe-1.0.0.tgz",
      "integrity": "sha1-sr9O6FFKrmFltIF4KdIbLvSZBOw="
    },
    "util-deprecate": {
      "version": "1.0.2",
      "resolved": "http://registry.npm.taobao.org/util-deprecate/download/util-deprecate-1.0.2.tgz",
      "integrity": "sha1-RQ1Nyfpw3nMnYvvS1KKJgUGaDM8="
    },
    "utils-merge": {
      "version": "1.0.1",
      "resolved": "http://registry.npm.taobao.org/utils-merge/download/utils-merge-1.0.1.tgz",
      "integrity": "sha1-n5VxD1CiZ5R7LMwSR0HBAoQn5xM="
    },
    "vary": {
      "version": "1.1.2",
      "resolved": "http://registry.npm.taobao.org/vary/download/vary-1.1.2.tgz",
      "integrity": "sha1-IpnwLG3tMNSllhsLn3RSShj2NPw="
    },
    "void-elements": {
      "version": "2.0.1",
      "resolved": "http://registry.npm.taobao.org/void-elements/download/void-elements-2.0.1.tgz",
      "integrity": "sha1-wGavtYK7HLQSjWDqkjkulNXp2+w="
    },
    "window-size": {
      "version": "0.1.0",
      "resolved": "http://registry.npm.taobao.org/window-size/download/window-size-0.1.0.tgz",
      "integrity": "sha1-VDjNLqk7IC76Ohn+iIeu58lPnJ0="
    },
    "with": {
      "version": "4.0.3",
      "resolved": "http://registry.npm.taobao.org/with/download/with-4.0.3.tgz",
      "integrity": "sha1-7v0VTp550sjTQXtkeo8U2f7M4U4=",
      "requires": {
        "acorn": "1.2.2",
        "acorn-globals": "1.0.9"
      },
      "dependencies": {
        "acorn": {
          "version": "1.2.2",
          "resolved": "http://registry.npm.taobao.org/acorn/download/acorn-1.2.2.tgz",
          "integrity": "sha1-yM4n3grMdtiW0rH6099YjZ6C8BQ="
        }
      }
    },
    "wordwrap": {
      "version": "0.0.3",
      "resolved": "http://registry.npm.taobao.org/wordwrap/download/wordwrap-0.0.3.tgz",
      "integrity": "sha1-o9XabNXAvAAI03I0u68b7WMFkQc="
    },
    "yargs": {
      "version": "3.10.0",
      "resolved": "http://registry.npm.taobao.org/yargs/download/yargs-3.10.0.tgz",
      "integrity": "sha1-9+572FfdfB0tOMDnTvvWgdFDH9E=",
      "requires": {
        "camelcase": "1.2.1",
        "cliui": "2.1.0",
        "decamelize": "1.2.0",
        "window-size": "0.1.0"
      }
    }
  }
}
